{
  "summary": {
    "total_targets": 3,
    "best_models": {
      "local_strength": "gradient_boosting",
      "away_weakness": "gradient_boosting",
      "point_differential": "ridge"
    },
    "best_scores": {
      "local_strength": 0.7796425718042472,
      "away_weakness": 0.7731786341000543,
      "point_differential": 0.742510909499214
    }
  },
  "detailed_results": {
    "local_strength": {
      "random_forest": {
        "best_params": {
          "model__max_depth": 20,
          "model__n_estimators": 200
        },
        "cv_score": 0.7314143749328179,
        "test_r2": 0.7388462936170331,
        "test_mae": 5.357659338358282,
        "test_mse": 45.80128222690547
      },
      "gradient_boosting": {
        "best_params": {
          "model__learning_rate": 0.1,
          "model__n_estimators": 200
        },
        "cv_score": 0.7746363013583288,
        "test_r2": 0.7796425718042472,
        "test_mae": 4.927320949062742,
        "test_mse": 38.64640827570119
      },
      "svr": {
        "best_params": {
          "model__C": 0.1,
          "model__kernel": "linear"
        },
        "cv_score": 0.7643870743198118,
        "test_r2": 0.7786908313896841,
        "test_mae": 4.953363438381175,
        "test_mse": 38.81332503877494
      },
      "ridge": {
        "best_params": {
          "model__alpha": 10.0
        },
        "cv_score": 0.7645532530705857,
        "test_r2": 0.7790066395125628,
        "test_mae": 4.956597442852404,
        "test_mse": 38.75793843459517
      },
      "lasso": {
        "best_params": {
          "model__alpha": 0.1
        },
        "cv_score": 0.7637338279538654,
        "test_r2": 0.7774278441127087,
        "test_mae": 4.978909537742548,
        "test_mse": 39.03482844963182
      },
      "elastic_net": {
        "best_params": {
          "model__alpha": 0.1,
          "model__l1_ratio": 0.8
        },
        "cv_score": 0.7620474244548564,
        "test_r2": 0.7747341950777267,
        "test_mae": 5.00334012450829,
        "test_mse": 39.50724211505584
      },
      "knn": {
        "best_params": {
          "model__n_neighbors": 7
        },
        "cv_score": 0.6479719582596639,
        "test_r2": 0.6543294813416942,
        "test_mae": 6.1535,
        "test_mse": 60.62388775510204
      }
    },
    "away_weakness": {
      "random_forest": {
        "best_params": {
          "model__max_depth": 20,
          "model__n_estimators": 200
        },
        "cv_score": 0.7305143663677228,
        "test_r2": 0.7289994703972856,
        "test_mae": 5.3418588199841235,
        "test_mse": 45.89434049800296
      },
      "gradient_boosting": {
        "best_params": {
          "model__learning_rate": 0.1,
          "model__n_estimators": 200
        },
        "cv_score": 0.7746369256268485,
        "test_r2": 0.7731786341000543,
        "test_mae": 4.911447206391407,
        "test_mse": 38.41253378395598
      },
      "svr": {
        "best_params": {
          "model__C": 0.1,
          "model__kernel": "linear"
        },
        "cv_score": 0.7601084378997991,
        "test_r2": 0.7695720220101783,
        "test_mae": 4.987831249830873,
        "test_mse": 39.023318875555766
      },
      "ridge": {
        "best_params": {
          "model__alpha": 1.0
        },
        "cv_score": 0.7603609703911705,
        "test_r2": 0.7706306249545674,
        "test_mae": 4.981979811406242,
        "test_mse": 38.84404290124972
      },
      "lasso": {
        "best_params": {
          "model__alpha": 0.1
        },
        "cv_score": 0.7593578862567091,
        "test_r2": 0.7687990936980151,
        "test_mae": 5.005013926180069,
        "test_mse": 39.15421542838155
      },
      "elastic_net": {
        "best_params": {
          "model__alpha": 0.1,
          "model__l1_ratio": 0.8
        },
        "cv_score": 0.7578738073753541,
        "test_r2": 0.7661070808658124,
        "test_mae": 5.032057916419749,
        "test_mse": 39.610111783002075
      },
      "knn": {
        "best_params": {
          "model__n_neighbors": 7
        },
        "cv_score": 0.6506661976268442,
        "test_r2": 0.6529427826182463,
        "test_mae": 6.093714285714286,
        "test_mse": 58.7746530612245
      }
    },
    "point_differential": {
      "random_forest": {
        "best_params": {
          "model__max_depth": 20,
          "model__n_estimators": 200
        },
        "cv_score": 0.6944992047111433,
        "test_r2": 0.7075530835336804,
        "test_mae": 5.750171544367229,
        "test_mse": 52.02776604191833
      },
      "gradient_boosting": {
        "best_params": {
          "model__learning_rate": 0.1,
          "model__n_estimators": 200
        },
        "cv_score": 0.7160792226108393,
        "test_r2": 0.730478127857195,
        "test_mae": 5.510845164714193,
        "test_mse": 47.94928623786886
      },
      "svr": {
        "best_params": {
          "model__C": 1.0,
          "model__kernel": "linear"
        },
        "cv_score": 0.7253737280822636,
        "test_r2": 0.7420616251990502,
        "test_mae": 5.37586976457548,
        "test_mse": 45.888524247517616
      },
      "ridge": {
        "best_params": {
          "model__alpha": 10.0
        },
        "cv_score": 0.725848868412518,
        "test_r2": 0.742510909499214,
        "test_mae": 5.370256038773082,
        "test_mse": 45.80859432814053
      },
      "lasso": {
        "best_params": {
          "model__alpha": 0.1
        },
        "cv_score": 0.7256322558005799,
        "test_r2": 0.7422127411951536,
        "test_mae": 5.370370302011914,
        "test_mse": 45.861639957590874
      },
      "elastic_net": {
        "best_params": {
          "model__alpha": 0.1,
          "model__l1_ratio": 0.8
        },
        "cv_score": 0.7254005130743758,
        "test_r2": 0.7418086475684011,
        "test_mae": 5.37381371268273,
        "test_mse": 45.93353023062141
      },
      "knn": {
        "best_params": {
          "model__n_neighbors": 7
        },
        "cv_score": 0.6429697204221068,
        "test_r2": 0.6602041504781593,
        "test_mae": 6.172785714285713,
        "test_mse": 60.45137755102041
      }
    }
  },
  "parameters_used": {
    "features": [
      "FG_PCT_home",
      "FT_PCT_home",
      "FG3_PCT_home",
      "AST_home",
      "REB_home",
      "FG_PCT_away",
      "FT_PCT_away",
      "FG3_PCT_away",
      "AST_away",
      "REB_away",
      "YEAR",
      "MONTH"
    ],
    "targets": {
      "local_strength": "PTS_home",
      "away_weakness": "PTS_away",
      "point_differential": "POINT_DIFFERENTIAL"
    },
    "team_identifiers": [
      "TEAM_ABBREVIATION",
      "TEAM_ID"
    ],
    "sample_size": 10000,
    "cv_folds": 5,
    "test_size": 0.2,
    "random_state": 42,
    "gridsearch_params": {
      "random_forest": {
        "model__n_estimators": [
          100,
          200
        ],
        "model__max_depth": [
          10,
          20
        ]
      },
      "gradient_boosting": {
        "model__n_estimators": [
          100,
          200
        ],
        "model__learning_rate": [
          0.1,
          0.01
        ]
      },
      "svr": {
        "model__C": [
          0.1,
          1.0
        ],
        "model__kernel": [
          "rbf",
          "linear"
        ]
      },
      "ridge": {
        "model__alpha": [
          0.1,
          1.0,
          10.0
        ]
      },
      "lasso": {
        "model__alpha": [
          0.1,
          1.0,
          10.0
        ]
      },
      "elastic_net": {
        "model__alpha": [
          0.1,
          1.0
        ],
        "model__l1_ratio": [
          0.2,
          0.5,
          0.8
        ]
      },
      "knn": {
        "model__n_neighbors": [
          3,
          5,
          7
        ]
      }
    }
  }
}